metaphor,source_frame,target_frame
A SEQUENCE OF ACTIONS IS A SEQUENCE OF MOVEMENTS,Motion along a path,Action
A SEQUENCE OF VIOLENT EVENTS IS A FLUID,Fluid motion,Violence
ABILITY TO ACT IS ABILITY TO MOVE,Self propelled motion,Ability to act
ABILITY TO EVALUATE GOVERNMENT IS ABILITY TO SEE,Seeing,Citizen evaluation of government
ABILITY TO EVALUATE IS ABILITY TO SEE,Seeing,Evaluation
ABILITY TO KNOW IS ABILITY TO SEE,Seeing,Knowing
ABUSIVE POLITICAL LEADERS ARE PHYSICAL BULLIES,Bully,State leadership
ACCEPTING IS SWALLOWING,Eating,Accepting
ACCESS TO EDUCATION IS A HORSERACE,Race,Education
ACCESS TO EDUCATION IS ACCESS TO AN OBJECT,Access to an object,Access to education
ACCESS TO KNOWLEDGE IS ACCESS TO AN OBJECT,Access to an object,Access to knowledge
ACHIEVING A PURPOSE IS ACQUIRING A DESIRED OBJECT,Gain possession,Purposeful action
ACHIEVING A PURPOSE IS GETTING SOMETHING TO EAT,Eating,Purposeful action
ACHIEVING A PURPOSE IS REACHING A DESTINATION,Motion to a location,Purposeful action
ACHIEVING GUN RIGHTS IS REACHING A DESTINATION,Motion to a location,Gun rights
ACHIEVING POWER IS MOVING UPWARDS,Upward motion,Power
ACQUIRING IDEAS IS EATING,Eating,Thinking about
ACQUIRING RESOURCE IS CONSUMING FOOD,Eating,Resource consumption
ACTION IS BEING IN A LOCATION,Being at a location,Action
ACTION IS MOTION,Motion,Action
ACTION IS MOTION ALONG A PATH,Motion along a path,Action
ACTION IS SELF-PROPELLED MOTION ALONG A PATH,Self propelled motion,Action
ACTIVATING IS AWAKENING,Awakening,Activating
ACTIVITIES ARE BOUNDED REGIONS IN SPACE,Bounded region,Activity
ACTIVITIES ARE JOURNEYS,Journey,Activity
ADDRESSING CRIME IS CONTROLLING AN ANIMAL,Animal,Crime
ADDRESSING ECONOMIC PROBLEMS IS TREATING AN ILLNESS,Treating a physical affliction,Addressing social problems
ADDRESSING GUN VIOLENCE IS WAGING WAR,War,Injurious gun use
ADDRESSING INSTITUTIONAL PROBLEMS IS TREATING AN ILLNESS,,
ADDRESSING POVERTY IS TREATING AN ILLNESS,Treating a physical affliction,Addressing poverty
ADDRESSING POVERTY IS WAGING WAR,Physical combat,Addressing poverty
ADDRESSING SOCIAL PROBLEMS IS TREATING A PHYSICAL AFFLICTION,Treating a physical affliction,Addressing social problems
ADDRESSING SOCIAL PROBLEMS IS TREATING AN ILLNESS,Treating a physical affliction,Addressing social problems
ADDRESSING SOCIAL PROBLEMS IS WAGING WAR,War,Addressing social problems
ADVOCACY IS PHYSICAL COMBAT,Physical combat,Advocacy
ADVOCACY IS PHYSICAL HARM,,
ADVOCATING GUN CONTROL IS INSANITY,Insanity,Gun control
ADVOCATING GUN CONTROL IS ZEALOTRY,Zealotry,Gun control
AFFECTION IS WARMTH,Warmth,Affectionate action
AGREEMENT IS PHYSICAL INTEGRITY,physical integrity,agreement
AGREEMENT IS PHYSICAL PROXIMITY,Proximity,Agreement
AID TO KNOWING IS A LIGHT SOURCE,Seeing,Knowing
AIDS TO ACHIEVING A PURPOSE ARE AIDS TO REACHING A DESTINATION,Aids to motion,Aids to action
AIDS TO ACHIEVING A PURPOSE ARE TICKETS TO A DESTINATION,Ticket,Aids to action
AIDS TO IMPROVING ECONOMIC STATUS ARE TICKETS TO A DESTINATION,Ticket,Aids to action
AIDS TO IMPROVING ECONOMIC STATUS IS AID TO UPWARD MOTION,Aid to upward motion,Improving economic status
AIDS TO USING EDUCATIONAL OPPORTUNITIES ARE AIDS TO ACCESSING LOCATIONS ALONG A PATH,Clear paths to accessing a location,Educational opportunities
ALLIANCES ARE FRIENDSHIPS,Friendship,Alliances
ALTERNATIVE LEGISLATION IS ALTERNATIVE PATH,Motion along a path,Legislation enactment
ALTERNATIVE UNDERSTANDINGS OF AN EVENT ARE SIDES OF AN OBJECT,,
ALTERNATIVES ARE DIFFERENT AVAILABLE PATHS,Source path goal,Decision making
AMOUNT OF GUN VIOLENCE IS A FLUID,Fluid motion,Injurious gun use
AMOUNT OF GUNS IS A FLUID,Fluid motion,Personal weapon
AMOUNT OF LEARNED CONTENT IS QUANTITY OF RESOURCE,Resource,Knowledge
AMOUNT OF POVERTY IS SIZE,Size,Poverty
AMOUNT OF POVERTY IS SIZE OF GEOGRAPHIC FEATURE,Geographic feature,Poverty
AMOUNT OF PROBLEM IS SIZE,Size,Problem
AMOUNT OF PROGRESS IS AMOUNT OF DISTANCE MOVED,Motion to a location,Purposeful action
AMOUNT OF PROGRESS TOWARD ENACTING LEGISLATION IS DISTANCE MOVED ALONG A PATH,Motion along a path,Legislation enactment
AMOUNT OF RESOURCE IS BODY WEIGHT,Body weight,Resource
AMOUNT OF STATE IS SIZE OF OBJECT,Size,State
ANALYSIS OF SOCIAL PROBLEMS IS DIAGNOSIS OF AFFLICTION,Diagnosis of affliction,Social problems
ANALYZING IDEAS IS TAKING APART OBJECTS,,
ANALYZING IS DISSECTING,Dissect,Analysis
ANGER IS FIRE,Fire,Anger
ANGER IS HEAT,Heat,Anger
ANGER IS INSANITY,Insanity,Anger
ANGER IS PRESSURE IN A CONTAINER,Pressure in a container,Anger
ANGER IS THE HEAT OF FLUID IN A CONTAINER,Heating fluid,Anger
ARGUING WITH THEORETIC ASSUMPTIONS IS ATTACKING FOUNDATION OF A BUILDING,,
ARGUMENT IS A COMPETITION,,
ARGUMENT IS PHYSICAL COMBAT,Physical combat,Argument
ARGUMENT IS WAR,War,Argument
ARITHMETIC IS OBJECT COLLECTION,Object collection,Arithmetic
ARITHMETIC IS OBJECT CONSTRUCTION,Object construction,Arithmetic
ASSESSING IS MEASURING,Measuring,Evaluation
ASSISTANCE IS SUPPORT,Support,Assistance
ASSOCIATION IS CONNECTION,Physical connection,Association
ATTAINING CONTROL IS GAINING A POSSESSION,Gain possession,Control
ATTRIBUTES ARE ENTITIES,Entity,Attribute
ATTRIBUTES ARE POSSESSIONS,Possession,Attribute
ATTRIBUTES OF GOVERNMENT ARE POSSESSIONS,TBD,TBD
AUGMENTING ECONOMIC ASSETS IS CREATING OBJECTS,Create object,Economic resource
BAD IS DOWN,,
BAD IS STINKY,Smelly,Badness
BECOMING AWARE IS NOTICING,Noticing,Becoming aware
BECOMING IMPOVERISHED IS MOVING DOWNWARDS,Downward motion,Impoverished
BEING ALIVE IS BEING PHYSICALLY AT THIS LOCATION,Being at a location,Life cycle
BEING GOOD IS BEING UPRIGHT,Upright posture,Moral goodness
BEING IMMORAL IS BEING LOW,Verticality,Morality
BEING IMPOVERISHED IS BEING AT A LOW LOCATION,Being at a Low Location,Impoverished
BEING IMPOVERISHED IS BEING IN A BOUNDED REGION,Being in a Bounded Region,Impoverished
BEING IN A HIGH SOCIAL CLASS IS BEING HIGH ON A SCALE,Being high on a scale,Social class
BEING IN A LOW SOCIAL CLASS IS BEING LOW ON A SCALE,Being low on a scale,Social class
BEING IN A MIDDLE CLASS IS BEING IN THE MIDDLE OF A SCALE,Being in the middle of a scale,Social class
BEING IN A STATE IS BEING AT A POINT ON A LINEAR SCALE,Scale,Experiencing_a_state
BEING POISED TO KNOW IS BEING POSITIONED TO SEE WELL,Seeing,Knowing
BEING RECEPTIVE IS HEARING,Hearing,Being receptive
BEING TAXED IS CRIME,Crime,Taxation
BEING WEALTHY IS BEING AT A HIGH LOCATION,Being at a High Location,Wealth
BEING WEALTHY IS BEING FREE,Lack of impediment to motion,Wealth
BELIEFS ARE POSSESSIONS,Possession,Belief
BENEFIT IS A RESOURCE,Resource,Benefit
BODY IS A CONTAINER FOR EMOTIONS,Containing,Emotion
BUREAUCRACY IS A MACHINE,Machine,Bureaucracy
BUREAUCRACY IS A MAZE,Maze,Bureaucracy
BUREAUCRACY IS AN OCTOPUS,Fierce animal,Bureaucracy
BUREAUCRACY IS MANUFACTURING,Factory,Bureaucracy
BUREAUCRATS ARE GUIDES,TBD,TBD
BUREAUCRATS ARE MACHINE PARTS,Machine,Bureaucracy
BUREAUCRATS ARE TYRANTS,TBD,TBD
BUSINESS COMPETITION IS COMPETITIVE SPORTS,Competitive sport,Economic competition
BUSINESSES ARE ENTITIES,Business,Entity
BUSINESSES ARE LIVING ENTITIES,Animate entity,Business
BUSINESSES ARE PEOPLE,Person,Business
CANCER IS A JOURNEY,Journey,Cancer
CANCER IS PHYSICAL COMBAT,Physical combat,Cancer
CANCER PATIENT IS PHYSICAL COMBATANT,Physical combat,Cancer patient
CANCER TREATMENT IS GAMBLING,Gambling,Cancer treatment
CANCER TREATMENT IS WAR,War,Cancer treatment
CAREER IS A BUILDING,Building,Career
CAREER IS A COMPLEX STRUCTURE,Complex physical object,Career
CARING IS WARMTH,Warmth,Caring
CATEGORIES ARE BOUNDED REGIONS,Bounded region,Category
CAUSATION IS AGENTIVE CAUSATION,Agentive causation,Causation
CAUSATION IS FORCED MOVEMENT,Forced motion,Caused change of state
CAUSATION IS OBJECT TRANSFER,Transfer scenario,Causation
CAUSE INCREASE IN QUANTITY IS CAUSE UPWARD MOTION,Caused upward motion,Quantity
CAUSE OF DECREASED EVALUABILITY OF GOVERNMENT IS OBSTACLE TO VISION,TBD,TBD
CAUSED CHANGE OF STATE IS CAUSED CHANGE OF LOCATION,Forced motion,Caused change of state
CAUSED IMPOVERISHMENT IS CAUSED DOWNWARD MOTION,Caused downward motion,Poverty
CAUSED IMPROVED ECONOMIC STATUS IS CAUSED UPWARD MOTION,Caused upward motion,Improving economic status
CAUSED INABILITY TO ACT IS PREVENTION OF MOTION ALONG A PATH,Motion along a path,Action
CAUSES ARE FORCES,Force,Causation
CAUSING DECREASE IN CRIME IS TREATING DISEASE,Disease treatment,Crime
CAUSING ECONOMIC HARDSHIP IS CAUSING PHYSICAL HARM,Harm to living entity,Economic difficulty
CAUSING GREATER INTENSITY OF POLITICAL UNREST IS FANNING THE FLAMES,TBD,TBD
CAUSING TO EXIST IS OBJECT CREATION,Create object,Cause to begin existence
CENSORSHIP IS PHYSICAL RESTRAINING OF MOUTH,Stop airflow,Censorship
CERTAIN IS FIRM,Firmness,Certainty
CHANGE IN CONTROLLER IS TRANSFER OF POSSESSION,Transfer scenario,Control
CHANGE IN MOOD IS VERTICAL MOVEMENT,Motion along a path,Emotion
CHANGE IS ACQUISITION,Gain possession,Change of state
CHANGE IS LOSS,Lose possession,Change of state
CHANGE OF STATE IS CHANGE OF LOCATION,Motion along a path,Change of state
CHANGE OF STATE IS CHANGE OF POSSESSION,Possession change,Change of state
CHOOSING AN ALTERNATIVE IS CHOOSING ONE AVAILABLE PATH,,
CIRCUMSTANCES ARE SURROUNDINGS,Bounded region,Circumstances
CIRCUMSTANCES ARE WEATHER,Weather,Circumstances
CITIZEN RIGHTS ARE PHYSICAL STRUCTURES,Physical structure,Rights
CITIZEN RIGHTS ARE POSSESSIONS,Possession,Rights
CITIZEN RIGHTS ARE SHIELDS FROM HARM,Protecting,Citizen rights
CITIZEN RIGHTS ARE TERRITORIES,Territory,Rights
CITIZENS ARE EMPLOYERS,Business,Nation
CITIZENS ARE EYES AND EARS,Person,Government
CITIZENS ARE SLAVES,Servitude,Nation
CITIZENS ARE STOCKHOLDERS,Stockholders,Citizens
CLASS INTERACTION IS PHYSICAL COMBAT,Physical combat,Social class
COGNITIVE AVERSION IS PHYSICAL DISGUST,Disgust,Idea
COGNIZING IS BODILY FUNCTIONING,Cognizing,Bodily functioning
COGNIZING IS EATING,Eating,Cognizing
COMMUNICATING IS DRAWING A PICTURE,Draw a picture,Communication
COMMUNICATING IS FEEDING,Feeding,Communication
COMMUNICATING IS GUIDING,Guided motion,Communication
COMMUNICATING IS OBJECT TRANSFER,Transfer scenario,Communication
COMMUNICATING IS POINTING,Cause_to_perceive,Communication
COMMUNICATING IS SHOWING,Cause to see,Communication
COMMUNITY IS A FAMILY,Family,Community
COMPANY IS A COMPLEX STRUCTURE,Complex physical object,Company
COMPANY IS A FAMILY,Family,Company
COMPETITION IS A RACE,Race,Competition
COMPLEX IDEAS ARE SENTENCES,Sentence,Idea
COMPULSION IS A COMPELLING FORCE,Force,Compulsion
COMPUTERS ARE PEOPLE,Person,Computer
CONDITION IS SHAPE,Object,Condition
CONFUSING SETS OF REGULATIONS ARE MAZES,TBD,TBD
CONSCIOUS IS UP,Verticality,Consciousness
CONSCIOUSNESS IS VERTICALITY,Verticality,Consciousness
CONSIDERING IS CHEWING,,
CONSIDERING THE IMPORTANCE OF RIGHTS IS PLAYING A GAME,Card game,Gun rights
CONSTITUENTS ARE CONTENTS,Contents,Constituents
CONSUMING RESOURCES IS EATING,Eating,Resource consumption
CONSUMING TOO MANY RESOURCES IS EATING TOO MUCH FOOD,Overeating,Resource consumption
CONTROL IS A BOUNDED REGION,Bounded region,Control
CONTROL IS A POSSESSION,Possession,Control
CONTROL IS OBJECT MANIPULATION,Object manipulation,Control
CONTROL IS PHYSICAL RESTRAINT,Object manipulation,Control
CONTROL IS UP,Verticality,Control
CONTROL IS VERTICALITY,Verticality,Control
COOPERATIVE NATIONS ARE GOOD CITIZENS,Citizens,Nation
COOPERATIVE NEARBY COUNTRIES ARE GOOD NEIGHBORS,TBD,TBD
CORRECTING CORRUPTION IS TREATING DISEASE,TBD,TBD
CORRUPTION EFFECT IS DISEASE EFFECT,Disease,Corruption
CORRUPTION IS A DESTRUCTIVE NATURAL PROCESS,Destructive natural process,Corruption
CORRUPTION IS A DISEASE,Disease,Corruption
CORRUPTION IS A TERMITE INFESTATION,Parasite,Corruption
CORRUPTION IS DECAY,Decay,Corruption
CORRUPTION IS EROSION,Erosion,Corruption
CORRUPTION.SCALE IS DISEASE.SCALE,Disease,Corruption
COUNTRY IS A CHILD,Family,Country
COURSE OF A LIFE IS THE PATH TRACED BY A SEQUENCE OF MOTIONS,,
CREATING A LAW IS GROWING A PLANT,Tending to plants,Law
CREATING IS MAKING,Making,Creating
CRIME IS A DISEASE,Disease,Crime
CRIME IS AN ANIMAL,Fierce animal,Crime
CRIME.SCALE IS DISEASE.SCALE,Disease,Crime
CRITICIZING IS ATTACKING,Attacking,Criticizing
CRITICIZING OTHER CLASSES IS ATTACKING OTHER CLASSES,Attacking,Social class
CURRICULUM IS A FIXED PATH,Motion along a path,Curriculum
CURRICULUM IS BOUNDED REGION,Bounded region,Curriculum
DEALING WITH RIGHTS IS COMPETITION,,
DEBATING IS ONE-ON-ONE PHYSICAL FIGHTING,Physical combat,Debating
DEBT IS A BURDEN,Burden,Debt
DEBT IS AN ORGANISM,Biological entity,Debt
DEBT IS PHYSICAL IMPEDIMENTS TO MOTION,Motion impediments,Debt
DECREASE IN QUANTITY IS DOWNWARD MOTION,Downward motion,Quantity
DECREASING TAXATION IS LIBERATING FROM PHYSICAL RESTRAINTS,TBD,TBD
DECREASING TAXATION IS RELIEF FROM BURDEN,TBD,TBD
DECREASING WELL-BEING IS DECREASING WEALTH,,
DEGREE IS DISTANCE ALONG A PATH,Differences in distance,Degree
DEGREE OF MORALITY IS PHYSICAL HEIGHT,Verticality,Morality
DEGREE OF SIMILARITY IS DEGREE OF PROXIMITY,Proximity,Similarity
DEGREE OF WEALTH DISTRIBUTION IS CONCENTRATION,Concentration,Wealth distribution
DEMOCRACY IS A BIRD,Bird,Democracy
DEMOCRACY IS A FACADE,Visual obstruction,Democracy
DEMOCRACY IS A PHYSICAL ENTITY,,
DEMOCRACY IS A PLANT,Plants,Democratic ideology
DEMOCRACY IS A TOWN MEETING,Meeting,Democracy
DEMOCRACY IS AN EQUAL PARTNERSHIP,Partnership,Democracy
DEMOCRATIC DECISION-MAKING IS PARTNERSHIP DECISION-MAKING,Relationship,Democracy
DEMOCRATIC IDEOLOGY IS A COMMODITY,Commodity,Democratic ideology
DESIRE IS FIRE,Fire,Desire
DESIRE IS HUNGER,Hunger,Desire
DEVELOPING AN ATTRIBUTE IS CULTIVATION,Cultivation,TBD
DIFFERENCES BETWEEN STATES IS DISTANCES BETWEEN LOCATIONS,Distances between locations,Differences in state
DIFFERENCES IN SUCCESS ARE DISTANCES BETWEEN LOCATIONS,Distances between locations,Differences in state
DIFFERENCES IN WEALTH IS DIFFERENCES IN DISTANCE,Differences in distance,Financial resource
DIFFERENT MEANS OF ACHIEVING A PURPOSE ARE DIFFERENT PATHS TO A DESTINATION,Self propelled motion to a destination,Purposeful action
DIFFERING IDEOLOGIES ARE ADVERSARIES,Physical combat,Ideology
DIFFICULTIES ARE IMPEDIMENTS TO MOVEMENT,Motion impediments,Difficulties in action
DIFFICULTIES IN A ROMANTIC RELATIONSHIP ARE IMPEDIMENTS TO MOTION ALONG A PATH,Motion impediment,Romantic relationship
DIFFICULTIES IN ACTION ARE PHYSICAL BURDENS,Burden,Difficulties in action
DIFFICULTIES IN KNOWING ARE VISUAL OBSTRUCTIONS,Visual obstruction,Knowing
DIFFICULTIES IN PROGRESSING THROUGH LIFE ARE IMPEDIMENTS TO MOTION ALONG A PATH,Motion along a path,Life
DIFFICULTY IS HARDNESS,Firmness,Difficulties in action
DIFFICULTY IS HEAVINESS,Weight,Difficulties in action
DIFFICULTY IS PHYSICAL STRUGGLE,Physical combat,Difficulties in action
DIFFICULTY OF CORRECTING CORRUPTION IS DIFFICULTY OF TREATING DISEASE,TBD,TBD
DIMINISHMENT OF POWER IS MOVING DOWNWARDS,TBD,TBD
DIPLOMACY IS WAR,War,Diplomacy
DIRECT CAUSATION IS DIRECT APPLICATION OF FORCE,,
DISAGREEMENT IS DIVISION,Separation,Argument
DISEASE TREATMENT IS WAR,War,Disease treatment
DISEASES ARE BURDENS,Burden,Disease
DISTINGUISHING IS DIVIDING,Dividing,Distinguishing
DISTURBING IDEAS ARE DISGUSTING FOODS,Food,Idea
DOING EVIL IS FALLING,Downward motion,Evil
DYING IS DEPARTING FROM THIS LOCATION,,
EASE OF ACTION IS EASE OF MOTION ALONG A PATH,Motion along a path,Action
ECONOMIC HARDSHIP IS PHYSICAL HARM,Physical harm,Economic difficulty
ECONOMIC RESOURCE IS A LIMITED NATURAL RESOURCE,Natural resource,Economic resource
ECONOMIC RESOURCES ARE PHYSICAL ENTITIES,Physical entity,Economic resource
ECONOMIC STATUS IS A POINT ON A SCALE,Scale,Economic status
ECONOMY IS A BODY,Body,Economy
ECONOMY IS A COMPLEX STRUCTURE,Complex physical object,Economy
ECONOMY IS A MACHINE,Machine,Economy
EDUCATION IS A RESOURCE,Resource,Education
EDUCATION IS AN OBJECT,Object,Education
EDUCATION IS COMPONENT OF BUILDING,Component of building,Education
EDUCATIONAL EVALUATION IS GAMBLING,Gambling,Educational evaluation
EDUCATIONAL OPPORTUNITIES ARE LOCATIONS ALONG A PATH,,
EFFECTIVE GOVERNMENT INSTITUTION IS A HEALTHY BODY,Body,Government institution
EFFECTIVE GOVERNMENT INSTITUTION IS A STRONG BUILDING,Building,Government institution
EFFECTIVE GOVERNMENT INSTITUTION IS A WELL-FUNCTIONING MACHINE,Machine,Government institution
EFFECTIVE GOVERNMENT IS A WELL-MANAGED BUSINESS,Business,Government institution
EFFECTS ARE TRANSFERRED OBJECTS,Transfer scenario,Causation
EFFICIENT GOVERNMENT IS A LEAN BODY,Body,Government institution
ELECTION IS A BOXING MATCH,Physical competition,Election
ELECTION IS A GAME,Game,Election
ELECTION IS A RACE,Race,Election
ELECTION IS WAR,War,Election
ELECTIONS ARE COMPETITIVE SPORTS EVENTS,Competitive sport,Election
ELIMINATING SOCIAL PROBLEMS IS SUCCESSFULLY TREATING A PHYSICAL AFFLICTION,,
EMBARRASSMENT IS A THIEF,Theft,Embarrassment
EMOTION IS A FORCE,Force,Emotion
EMOTION IS PRESSURE IN A CONTAINER,Pressure in a container,Emotion
EMOTIONAL INTENSITY IS TEMPERATURE,Temperature,Emotional intensity
EMOTIONAL INTIMACY IS PHYSICAL PROXIMITY,Proximity,Intimacy
EMOTIONALLY INDIFFERENT IS COLD,Coldness,Emotional intensity
EMOTIONALLY INTENSE IS HOT,Heat,Emotion
EMOTIONALLY MILD IS EXPERIENCING MILD TEMPERATURE,Temperature,Emotional intensity
EMOTIONS ARE OBJECTS,Object,Emotion
EMOTIONS ARE POSSESSIONS,Possession,Emotion
EMOTIONS ARE SUBSTANCES,Substance,Emotion
ENABLE ABILITY TO UTILIZE RESOURCES IS ENABLE ABILITY TO ACCESS LOCATIONS,Enable ability to access locations,Financial resource
ENABLEMENT OF WORSENING OF ECONOMIC CONDITION IS ENABLEMENT OF DOWNWARD MOTION,Aids to downward motion,Poverty
ENACTING LEGISLATION IS CAUSING MOTION ALONG A PATH,Forced motion,Legislation enactment
END OF AN ACTION IS THE END OF A PATH,Motion to a location,Action
ENJOYING A RIGHT IS POSSESSING AN OBJECT,Possession,Rights
ENTITLEMENT HOLDERS ARE LEECHES,Parasite,Impoverished
ENVIRONMENTAL HARM IS PHYSICAL INJURY,Physical harm,Environmental harm
EQUALITY IS BEING ON THE SAME VERTICAL LEVEL,Vertical position,Equality
ESSENTIAL IS INTERNAL,Containment,Essence
EVALUATION OF EDUCATION IS COMPETITION,Competition,Educational evaluation
EVALUTION OF GOVERNMENT IS SENSORY EVALUATION,TBD,TBD
EVENTS ARE MOVING OBJECTS,Object,Event
EVIL IS DARK,Darkness,Evil
EXCESS WEALTH IS DISGUSTING,Disgust,Wealth
EXCESS WEALTH IS EXCESS BODY WEIGHT,Excess body weight,Financial resource
EXCESS WEALTH IS LARGE GEOGRAPHIC FEATURES,Large geographic features,Financial resource
EXCESS WEALTH IS OBSCENE,Obscenity,Wealth
EXCESSIVE GOVERNMENT SPENDING IS LIVING BEYOND HOUSEHOLD MEANS,TBD,TBD
EXISTENCE IS VISIBILITY,Visual evaluation,Existence
EXISTING IS BEING PHYSICALLY AT THIS LOCATION,Being at a location,Existence
EXPERIENCE OF A STATE IS SPATIAL RELATION WITH AN ENTITY,Spatial relation,Experiencing_a_state
EXPERIENCED STATE IS A PROXIMATE OBJECT,Trajector landmark,Experiencing_a_state
EXPERIENCING A NEGATIVE STATE IS EXPERIENCING HARM,Physical harm,Experiencing a negative state
EXPERIENCING A STATE IS BEING AT A LOCATION,Being at a location,Experiencing_a_state
EXPERIENCING A STATE IS POSSESSING AN OBJECT,Possession,Experiencing_a_state
EXPERIENCING AN ECONOMIC STATUS IS BEING AT A LOCATION,Being at a location,Experiencing an economic status
EXPLOITATION OF RESOURCES IS A PARASITIC INFECTION,Parasite,Limited resource
EXTENT OF SOCIAL PROBLEMS IS EXTENT OF AFFLICTION,Infectious disease,Social problems
EXTREME FACTIONALIZATION IS BEING THE BALKAN GEOPOLITICAL AREA,TBD,TBD
FEAR IS COLDNESS,Coldness,Fear
FERVENT ADVOCACY IS INSANITY,Insanity,Advocacy
FINANCIAL RESOURCES ARE PHYSICAL RESOURCES,Resource,Finance
FORCE TRANSFER IS OBJECT TRANSFER,Transfer scenario,Force transfer
FORCES ARE OBJECTS,Object,Force
FORMATION OF A GOVERNMENT IS BIRTH,TBD,TBD
FORMING WORDS IS SHAPING,Crafting,Forming words
FREEDOM IS A VALUABLE POSSESSION,Possession,Freedom
FREEDOM OF ACTION IS THE LACK OF IMPEDIMENTS TO MOVEMENT,Motion impediments,Freedom of action
FRIENDLINESS IS WARMTH,Friendship,Warmth
FULLY COMMUNICATING A SEQUENCE OF THOUGHT IS SPELLING,Spelling,Communication
FUNCTIONAL LEGISLATURE IS A FUNCTIONING MACHINE,Operating a machine,Legislative action
FUNCTIONALITY IS VERTICALITY,Verticality,Functionality
FUTURE IS AHEAD,Front,Time
FUTURE OF A NATION IS PATH OF BOAT,Boat motion,Nation
GAINING A ROLE IS ACQUIRING A POSSESSION,Gain possession,Position
GAINING EXCESS WEALTH IS EATING TO EXCESS,Overeating,Financial resource
GAINING KNOWLEDGE IS DISCOVERY,Discovery,Knowing
GAINING POWER IS GAINING A POSSESSION,Gain possession,Power
GEOGRAPHIC SPREAD OF POLITICAL UNREST IS PHYSICAL EXTENT OF WILDFIRE,TBD,TBD
GOOD IDEAS ARE HEALTHFUL FOODS,,
GOOD INTERNATIONAL RELATIONS IS WARMTH,TBD,TBD
GOOD IS UP,,
GOODNESS IS LIGHT,Lightness,Goodness
GOODNESS IS VERTICALITY,Verticality,Goodness
GOVERNING ACTION IS MOTION,Motion along a path,Governing action
GOVERNMENT ADMINISTRATION IS A SPORTS TEAM,TBD,TBD
GOVERNMENT AND CITIZENS ARE PARTNERS,TBD,TBD
GOVERNMENT ASSISTANCE IS A HANDOUT,TBD,TBD
GOVERNMENT ASSISTANCE IS A SEDATIVE,Sedation,Welfare
GOVERNMENT ASSISTANCE IS A TRAP,Entrapment,Welfare
GOVERNMENT ASSISTANCE IS AN ADDICTIVE DRUG,TBD,TBD
GOVERNMENT ASSISTANCE IS SUPPORT,Support,Assistance
GOVERNMENT BUDGETS ARE HOUSEHOLD BUDGETS,TBD,TBD
GOVERNMENT CONTROL IS VERTICALITY,Verticality,Government
GOVERNMENT CONTROL OF GOVERNED IS PHYSICAL CONTROL OF ANIMAL,TBD,TBD
GOVERNMENT DEBT IS AN ORGANISM,TBD,TBD
GOVERNMENT DEBT IS HOUSEHOLD DEBT,TBD,TBD
GOVERNMENT DEBT IS OCEAN,Government debt,Ocean
GOVERNMENT FUNCTIONALITY IS VERTICALITY,Verticality,Government institution
GOVERNMENT INACTION IS SLEEPING,TBD,TBD
GOVERNMENT INCOME IS BLOOD (of NATION AS PERSON),TBD,TBD
GOVERNMENT INSTITUTION ENCOUNTERING PROBLEMS IS A BROKEN MACHINE,Machine,Government institution
GOVERNMENT INSTITUTION ENCOUNTERING PROBLEMS IS AN UNHEALTHY PERSON,Body,Government institution
GOVERNMENT INSTITUTION ENCOUNTERING PROBLEMS IS AN UNSTABLE BUILDING,Building,Government institution
GOVERNMENT INSTITUTION IS A BODY,Body,Government institution
GOVERNMENT INSTITUTION IS A BUILDING,Building,Government institution
GOVERNMENT INSTITUTION IS A MACHINE,Machine,Government institution
GOVERNMENT INSTITUTION IS A PHYSICAL STRUCTURE,Physical structure,Government institution
GOVERNMENT IS A BUSINESS,Business,Government institution
GOVERNMENT IS A CHILDCARE PROVIDER,Child care,Government
GOVERNMENT IS A CORPORATION,Corporation,Government
GOVERNMENT IS A DISEASE,Health treatment,Government institution
GOVERNMENT IS A DOCTOR,Health treatment,Governing action
GOVERNMENT IS A DRIVER,Vehicular motion,Governing action
GOVERNMENT IS A LEADER,Leadership,Government
GOVERNMENT IS A LEECH,Parasite,Government
GOVERNMENT IS A PARENT,Nuclear family,Government
GOVERNMENT IS A PATIENT,Health treatment,Government institution
GOVERNMENT IS A PERSON,Person,Government
GOVERNMENT IS A POLICE OFFICER,Work scenario,Government
GOVERNMENT IS A SERVANT,Servant,Government
GOVERNMENT IS A SHEPHERD,Shepherding,Government
GOVERNMENT IS A SLAVE MASTER,Work scenario,Government
GOVERNMENT IS AN ORGANISM,Biological entity,Government institution
GOVERNMENT IS REFEREE,Game,Government
GOVERNMENT POWER IS BODILY STRENGTH,Physical strength,government power
GOVERNMENT REGULATION IS A BARRIER,Barrier,Regulation
GOVERNMENT REGULATION IS A BURDEN,Burden,Regulation
GOVERNMENT REGULATION IS A PHYSICAL CONSTRAINT,Confinement,Regulation
GOVERNMENT REGULATION IS SUFFOCATION,Stop airflow,Regulation
GOVERNMENT'S HARMFUL TREATMENT OF RIGHTS IS ATTACKING,Attacking,Rights
GOVERNMENT'S HARMFUL TREATMENT OF RIGHTS IS DAMAGING A PHYSICAL STRUCTURE,Physical structure,Rights
GOVERNMENT'S HARMFUL TREATMENT OF RIGHTS IS INVADING A TERRITORY,Trespassing,Rights
GOVERNMENT'S HARMFUL TREATMENT OF RIGHTS IS THEFT,TBD,TBD
GOVERNMENT'S HARMFUL TREATMENT OF RIGHTS IS TRAMPLING ON AN OBJECT,TBD,TBD
GOVERNMENT'S HARMFUL TREATMENT OF RIGHTS IS TRESPASSING,TBD,TBD
GOVERNMENT'S POSITIVE TREATMENT OF RIGHTS IS DEFENDING A TERRITORY,TBD,Citizen rights
GOVERNMENT'S POSITIVE TREATMENT OF RIGHTS IS STRENGTHENING AN OBJECT,TBD,TBD
GOVERNMENT'S POSITIVE TREATMENT OF RIGHTS IS SUPPORTING A PHYSICAL STRUCTURE,TBD,TBD
GOVERNMENTAL AGREEMENT IS PHYSICAL PROXIMITY,TBD,TBD
GOVERNMENTAL ASSESSING IS MEASURING,TBD,TBD
GREATER DEGREE OF GUN CONTROL IS STRONGER PHYSICAL RESTRAINT,Physical strength,Gun control legislation
GREED IS HUNGER,Hunger,Greed
GROUP IS A BODY,Body,Group
GROUPS ARE CONTAINERS,Containing,Group
GROUPS ARE PART-WHOLE STRUCTURES,Part_whole,Group
GROUPS ARE POSSESSORS,Possession,Group
GUIDED ACTION IS GUIDED MOTION ALONG A PATH,Guided motion,Action
GUN CONTROL ADVOCACY IS PHYSICAL HARM,Physical harm,Advocacy
GUN CONTROL IS PHYSICAL RESTRAINT,Constructed Restraints,Gun control
GUN CONTROL LEGISLATION IS PHYSICAL RESTRAINT,Restraints,Gun control legislation
GUN CONTROL REGULATION IS A DISEASE,Disease,Gun control
GUN CONTROL REGULATION IS A MOTION IMPEDIMENT,Motion-affecting objects,Gun control legislation
GUN CONTROL REGULATION IS PHYSICAL HARM,Physical harm,Gun control
GUN DEBATE IS A LIVING ENTITY,Biological entity,Gun law decision-making
GUN OWNERSHIP IS INSANITY,Insanity,Gun ownership
GUN RIGHTS ARE VALUABLE POSSESSIONS,Possessable object,Gun rights
GUN VIOLENCE IS A FLUID,Fluid motion,Injurious gun use
GUN VIOLENCE IS A PHYSICAL AFFLICTION,Physical affliction,Injurious gun use
GUN VIOLENCE IS PHYSICAL HARM,Physical harm,Injurious gun use
GUNS ARE A DISEASE,Disease,Personal weapon
GUNS ARE A NATURAL DISASTER,Natural disaster,Personal weapon
GUNS ARE DRUGS,Addiction,Personal weapon
GUNS ARE LIVING ENTITIES,,
GUNS ARE MAGICAL,Magic,Personal weapon
GUNS ARE OBJECTS OF WORSHIP,Religious practice,Gun possession
GUNS ARE PESTS,Pest,Personal weapon
GUNS ARE TARGETS OF PSYCHOLOGICAL FIXATION,Psychological fixation,Personal weapon
HAPPINESS IS EFFERVESCENCE,Effervescence,Happiness
HAPPINESS IS VERTICALITY,Verticality,Happiness
HAPPINESS IS WARMTH,Warmth,Happiness
HAPPY IS LIGHT,Lightness,Happiness
HAPPY IS UP,Being at a High Location,Happiness
HARM IS PHYSICAL INJURY,Physical harm,Harm
HEALTH IS UP,Verticality,Health
HEALTH IS VERTICALITY,Verticality,Health
HELP IS PHYSICAL SUPPORT,Support,Aids to action
HELPFUL IDEAS ARE NUTRITIOUS FOODS,,
HIERARCHY IS A VERTICAL STRUCTURE,Verticality,Organization of power
HIGH STATUS IS UP,Verticality,Status
IDEA SYSTEMS ARE COMPLEX PHYSICAL SYSTEMS,Complex physical object,Group of related ideas
IDEA SYSTEMS ARE FLUID MASSES,Liquid,Group of related ideas
IDEAS ARE FOOD,Food,Idea
IDEAS ARE LIVING ENTITIES,,
IDEAS ARE LOCATIONS,,
IDEAS ARE OBJECTS,Object,Idea
IDEAS ARE PEOPLE,Person,Idea
IDEAS ARE POSSESSIONS,Possession,Idea
IDEOLOGIES ARE COMPLEX PHYSICAL OBJECTS,,
IDEOLOGIES ARE ORGANISMS,Biological entity,Ideology
ILL-BEING IS DOWN,,
ILLEGAL ACTIVITY IS BREAKING A PHYSICAL OBJECT,?,?
ILLEGITIMATE POWER IS A STOLEN OBJECT,,
IMMORAL IS CROOKED,Straightness,Morality
IMMORALITY IS DEGENERATION,Degeneration,Immorality
IMMORALITY IS DISEASE,Disease,Morality
IMMORALITY IS IMPURITY,Impurity,Immorality
IMPEDIMENTS TO ACTION ARE ANTAGONISTIC FORCES,Antagonistic force,Difficulties in action
IMPEDIMENTS TO ACTION ARE PHYSICAL IMPEDIMENTS TO MOTION,Motion impediments,Difficulties in action
IMPEDIMENTS TO IMPROVING ECONOMIC STATUS IS ANTAGONISTIC FORCE,Antagonistic force,Improving economic status
IMPEDIMENTS TO IMPROVING ECONOMIC STATUS IS CONFUSING PATHS TO MOVING OUT OF A LOCATION,Maze,Improving economic status
IMPEDIMENTS TO IMPROVING ECONOMIC STATUS IS CONSTRUCTED CONFINEMENT,Constructed Confinement,Improving economic status
IMPEDIMENTS TO IMPROVING ECONOMIC STATUS IS CONSTRUCTED RESTRAINTS,Constructed Restraints,Improving economic status
IMPEDIMENTS TO IMPROVING ECONOMIC STATUS IS ENVIRONMENTAL CONFINEMENT,Confinement,Improving economic status
IMPEDIMENTS TO IMPROVING ECONOMIC STATUS IS ENVIRONMENTAL RESTRAINTS,Environmental restraints,Improving economic status
IMPEDIMENTS TO IMPROVING ECONOMIC STATUS IS EXPERIENCING A PHYSICAL AFFLICTION,Burden,Improving economic status
IMPEDIMENTS TO IMPROVING ECONOMIC STATUS IS PHYSICAL BURDEN,Burden,Improving economic status
IMPEDIMENTS TO IMPROVING ECONOMIC STATUS IS PHYSICAL IMPEDIMENTS TO MOTION,Motion impediments,Improving economic status
IMPEDIMENTS TO IMPROVING ECONOMIC STATUS IS WATER CONFINEMENT,Water Confinement,Improving economic status
IMPEDIMENTS TO UTILIZING EDUCATIONAL OPPORTUNITIES IS ANTAGONISTIC FORCE,Antagonistic force,Educational opportunities
IMPEDIMENTS TO UTILIZING EDUCATIONAL OPPORTUNITIES IS OBSTACLES TO ACCESSING A LOCATION,Barrier to accessing a location,Educational opportunities
IMPORTANCE IS SIZE,Size,Importance
IMPORTANCE IS WEIGHT,Object,Importance
IMPORTANT IS CENTRAL,Center periphery,Importance
IMPROVEMENT IN MOOD IS UPWARD MOTION,Upward motion,Emotion
IMPROVING A STATE IS MOTION TO A PREFERRED LOCATION,Motion to a location,Improving a state
IMPROVING ECONOMIC STATUS IS MOVING OUT OF A LOCATION,Motion away from a location,Improving economic status
IMPROVING ECONOMIC STATUS IS MOVING OUT OF AN UNDESIRABLE LOCATION,Motion away from an undesirable location,Improving economic status
IMPROVING ECONOMIC STATUS IS UPWARD MOTION,Upward motion,Improving economic status
IMPROVING EDUCATION IS FINANCIAL INVESTMENT,Investment,Funding education
INABILITY TO ADDRESS SOCIAL PROBLEMS IS INABILITY TO TREAT A DISEASE,Disease treatment,Addressing social problems
INABILITY TO EVALUATE GOVERNMENT IS INABILITY TO SEE,TBD,TBD
INABILITY TO UNDERSTAND IS INABILITY TO GRASP,,
INABILITY TO UTILIZE EDUCATIONAL OPPORTUNITY IS INABILITY TO ACCESS A LOCATION,Inability to access a location,Educational opportunities
INCITING GOVERNING ACTION IS FORCED MOVEMENT,Forced motion,Governing action
INCOMPATIBLE ACTION.GOVERNING OBJECTIVES ARE INCOMPATIBLE MOTION.GOALS,Motion to a location,Governing action
INCREASE EASE OF ACTION IS INCREASE EASE OF MOTION,Increase ease of motion,Increase ease of action
INCREASE IN CRIME IS SPREAD OF DISEASE,Disease,Crime
INCREASE IN QUANTITY IS UPWARD MOTION,Upward motion,Quantity
INCREASE IN TAXATION IS OCCURENCE OF SUDDEN DESTRUCTIVE NATURAL FORCE,Destructive natural process,Taxation
INCREASED WELL-BEING IS INCREASED WEALTH,,
INCREASING EVALUABILITY OF GOVERNMENT IS INCREASING LIGHT,TBD,TBD
INCREASING EVALUABILITY OF GOVERNMENT IS INCREASING TRANSPARENCY,TBD,TBD
INCREASING GOVERNMENT DEBT IS RISING WATER LEVEL,TBD,TBD
INCREASING TAXATION IS INCREASING BURDEN,TBD,TBD
INCREASING TAXATION IS INCREASING PUNISHMENT,TBD,TBD
INDICATIONS OF SOCIAL PROBLEMS IS PHYSICAL AFFLICTION,Physical affliction,Social problems
INDULGING ONE'S GREED IS SATIATING ONE'S HUNGER,,
INEFFECTIVE GOVERNMENT IS A POORLY-MANAGED BUSINESS,Business,Government
INEFFICIENT GOVERNMENT IS A BLOATED BODY,Excess body weight,Government
INEQUALITY IS BEING ON DIFFERENT VERTICAL LEVELS,TBD,TBD
INFLUENTIAL NATIONS ARE LEADERS,TBD,TBD
INFORMATION IS CONTENTS,Contents,Information
INHIBITING ENACTMENT OF LEGISLATION IS IMPEDING MOTION,Impediment to motion,Legislation enactment
INHIBITING PLANNED ACTION IS IMPEDING MOTION,,
INSTITUTION IS A BUSINESS,Business,Institution
INSTITUTION IS A COMPLEX PHYSICAL OBJECT,Complex physical object,Institution
INSTITUTION IS A FACTORY,Factory,Institution
INSTITUTION IS A MACHINE,Machine,Institution
INSTITUTION IS A VEHICLE,Vehicle,Institution
INSTITUTION IS AN ORGANISM,Biological entity,Institution
INSTITUTIONS ARE BUILDINGS,Building,Institution
INSTITUTIONS ARE PEOPLE,Person,Institution
INSTRUCTION IS A GUIDED JOURNEY,,
INSURMOUNTABLE DIFFERENCES IN WEALTH IS BARRIER TO ACCESSING A LOCATION,Barrier to accessing a location,Financial resource
INSURMOUNTABLE DIFFERENCES IN WEALTH IS INSURMOUNTABLE DIFFERENCES IN DISTANCE,Insurmountable differences in distance,Financial resource
INTENSITY OF ACTIVITY IS HEAT,Heat,Activity
INTEREST IN IDEAS IS APETITE FOR FOOD,,
INTEREST IN IDEAS IS APPETITE FOR FOOD,Food,Idea
INTERESTING IDEAS ARE APPETIZING FOODS,Food,Idea
INTERNATIONAL DISAGREEMENTS ARE QUARRELS,TBD,TBD
INTERNATIONAL RELATIONS ARE INTERPERSONAL RELATIONSHIPS,Relationship,International Relations
INTERNATIONAL RELATIONS.STATUS IS INTERPERSONAL RELATIONSHIPS.STATUS,Relationship,International Relations
INTERRELATEDNESS IS PHYSICAL INTERCONNECTEDNESS,Physical connection,Spatial relation
JEALOUSY IS FIRE,Fire,Jealousy
JUDGES ARE SPORTS REFEREES,TBD,TBD
KEEPING ASSETS FROM BEING TAXED IS PLACING OBJECTS IN PROTECTED LOCATION,Placing in a protected location,Taxation
KNOWING IS PERCEIVING,Perception,Knowing
KNOWING IS SEEING,Seeing,Knowing
KNOWING IS TOUCHING,Touching,Knowing
KNOWLEDGE IS A RESOURCE,Resource,Knowledge
LABOR IS A RESOURCE,Resource,Labor
LAW ENFORCEMENT IS SUPPORTING A STRUCTURE,TBD,TBD
LAWS ARE LIVING ENTITIES,Animate entity,Law
LAWS ARE OBJECTS,Object,Law
LAWS ARE PHYSICAL RESTRAINTS,Restraints,Law
LAWS ARE PHYSICAL STRUCTURES,Physical structure,Law
LAWS ARE PLANTS,Plants,Law
LEADER OF A NATION IS HEAD OF BODY,Physical entity,Leadership
LEADER OF GROUP IS HEAD OF BODY,TBD,TBD
LEADING A GROUP IS DRIVING A VEHICLE,Vehicular motion,Leadership
LEADING A NATION IS DRIVING A VEHICLE,Vehicular motion,State leadership
LEADING A NATION IS STEERING A BOAT,Steering a boat,State leadership
LEADING IS A FORCE MOVING AN OBJECT FORWARD,Forced motion,Leadership
LEARNING IS ACQUIRING,Gain possession,Learning
LEARNING IS GETTING NUTRITIOUS FOOD,Nutritious food,Learning
LEGISLATIVE ACTIVITY IS MAKING OBJECTS,Create object,Legislative action
LEGISLATIVE ACTIVITY IS MOTION ALONG A PATH,Motion along a path,Legislative action
LEGISLATURE IS A MACHINE,Machine,Legislative branch
LEGITIMATE POWER IS AN ENTRUSTED OBJECT,Object,Power
LESS IS DOWN,Verticality,Quantity
LESS IS SMALL,Size,Quantity
LESSER DEGREE OF GUN CONTROL LEGISLATION IS WEAKER PHYSICAL RESTRAINT,Physical weakness,Gun control legislation
LIFE IS A COMPLEX STRUCTURE,TBD,TBD
LIFE IS A JOURNEY,Journey,Life
LIFE IS A PRECIOUS POSSESSION,Possession,Life
LIFE IS A SEQUENCE OF MOTIONS,Motion along a path,Life
LIFE IS VERTICALITY,Verticality,Life cycle
LIMITING RANGE OF SUBJECT MATTER IS NARROWING WIDTH OF BOUNDED REGION,Narrowing width of bounded region,Curriculum
LOGICAL STRUCTURES ARE ERECT COMPLEX STRUCTURES,Complex physical object,Logical structure
LOSING AN ELECTION IS LOSING A BOXING MATCH,Physical competition,Election
LOSING AN ELECTION IS LOSING A RACE,Race,Election
LOSING AN ELECTION IS LOSING A WAR,War,Election
LOSING POWER IS LOSING A POSSESSION,,
LOW STATUS IS DOWN,Verticality,Status
LUST IS FIRE,Fire,Lust
LUST IS HUNGER,Hunger,Lust
MACHINES ARE PEOPLE,Person,Machine
MAINTAINING HIGHER SOCIAL STATUS IS MAINTAINING HOLD ON PHYSICAL POSITION,Grasp,Social status
MAKING A DECISION IS WEIGHING,Weighing,Decision making
MAKING EDUCATIONAL OPPORTUNITY THE SAME FOR EVERYONE IS EQUALIZING QUANTITIES,Equalizing quantities,Educational opportunities
MAKING RELATED IS CAUSING CONTACT,Cause contact,Relationship
MANNER OF ACTION IS MANNER OF MOVEMENT,Self propelled motion,Action
MARKET IS A FAMILY,Family,Market
MARKET IS A NATURAL PROCESS,Natural process,Market
MARKET IS AN ACTOR,Actor,Market
MARKET IS AN ENTITY,Entity,Market
MARRIAGE IS CLOTH,Textile,Marriage
MEANS ARE PATHS,Self propelled motion to a destination,Purposeful action
MEANS OF IMPROVING ECONOMIC STATUS ARE PATHS TO MOVING OUT OF A LOCATION,Paths out of a location,Improving economic status
MEMORIZATION IS WRITING,Writing,Memorization
MEMORY IS A STOREHOUSE,,
MILITARY POWER IS BODILY STRENGTH,Military leadership,Physical strength
MIND IS A BODY,Bodily functioning,Cognizing
MIND IS A BUILDING,Building,Mind
MIND IS A COMPUTER,Computer,Mind
MIND IS A CONTAINER,Containment,Mind
MIND IS A MACHINE,Machine,Mind
MIND IS A PHYSICAL STRUCTURE,Physical structure,Mind
MONEY IS A LIQUID,Liquid,Money
MONEY IS A RESOURCE,TBD,TBD
MONEY IS A SUBSTANCE,Substance,Money
MONEY TRANSFER IS FLUID MOTION,Fluid motion,Money
MORAL ACTION IS A FINANCIAL TRANSACTION,Financial transaction,Moral_action
MORAL ACTION IS NURTURANCE,Nurturance,Morality
MORAL AGENTS ARE NURTURING PARENTS,Nurturant parent family,Moral_action
MORAL AUTHORITY IS PARENTAL AUTHORITY,Parent,Moral authority
MORAL CHARACTER IS THE SUBSTANCE AN OBJECT IS MADE OF,Object,Moral character
MORAL CORRUPTION IS A DESTRUCTIVE FORCE,Destructive force,Moral corruption
MORAL GROWTH IS PHYSICAL GROWTH,Increase size,Morality
MORAL IS STRAIGHT,Straightness,Morality
MORAL ORDER IS THE NATURAL ORDER,Natural order,Moral order
MORALITY IS A STRAIGHT PATH,Straightness,Morality
MORALITY IS PURITY,Purity,Morality
MORALITY IS STRAIGHTNESS,Straightness,Morality
MORALITY IS STRENGTH,Physical strength,Morality
MORALITY IS UPRIGHTNESS,Upright posture,Morality
MORALITY IS WHOLENESS,Part_whole,Morality
MORE IS BIG,Size,Quantity
MORE IS UP,Verticality,Quantity
MULTIPLE EXTREME MINOR FACTIONS ARE BALKAN STATES,minor factions,balkan states
MULTIPLICITY IS MASS,Mass,Multiplex
NATION IS A BOAT,Boat,Nation
NATION IS A BODY,Body,Nation
NATION IS A BUILDING,Building,Nation
NATION IS A BUSINESS,Business,Nation
NATION IS A COMPLEX STRUCTURE,Complex physical object,Nation
NATION IS A CONTAINER,Resource container,Nation
NATION IS A FAMILY,Family,Nation
NATION IS A MACHINE,Machine,Nation
NATION IS A PERSON,Person,Nation
NATION IS A SYSTEM,System,Nation
NATION IS A VEHICLE,Vehicle,Nation
NATION IS AN OBJECT,Object,Nation
NATIONAL INFRASTRUCTURE DETERIORATION IS BUILDING EROSION,Erosion,Nation
NATIONAL INFRASTRUCTURE IS A BUILDING,Nation,Building
NATIONAL INFRASTRUCTURE MAINTENANCE IS BUILDING MAINTENANCE,Nation,Building
NATIONAL POLITICAL FUNCTIONALITY IS PHYSICAL INTEGRITY,Complex physical object,Nation
NATIONAL POLITICS IS A BATTLEFIELD,Politics,Battlefield
NATIONAL POLITICS IS A SPORTS FIELD,Competitive sport,Politics
NATIONAL POLITICS IS A STAGE,Performance,Politics
NATIONS NOT ABIDING BY INTERNATIONAL LAW ARE OUTLAWS,Crime,Nation
NATIONS WHO ABUSE POWER ARE BULLIES,Bully,Nation
NATURE IS A RESOURCE,Resource,Natural process
NATURE IS A STRICT MOTHER,Strict father family,Nature
NATURE IS AN AGENT,Agentive causation,Natural process
NEARBY COUNTRIES ARE NEIGHBORS,Country,Neighbor
NEGATIVE EMOTIONAL STATES ARE PHYSICAL PAINS,Experience pain,Emotion
NEGATIVE EVALUATION OF GOVERNMENT ACTIVITY IS DISGUST,TBD,TBD
NEGATIVELY AFFECTING A LAW IS CAUSING HARM TO A PHYSICAL STRUCTURE,Physical harm,Law
NEGATIVELY EVALUATED CONDITIONS ARE HARMFUL AGENTS,Harm,Negatively evaluated condition
NEGATIVELY EVALUATED GOVERNMENT ACTIVITY IS DIRTY OBJECT,TBD,TBD
NEGATIVELY EVALUATED GOVERNMENT ACTIVITY IS DISGUSTING OBJECT,TBD,TBD
NONFUNCTIONAL BUREAUCRACY IS A BROKEN MACHINE,Machine,Bureaucracy
NONFUNCTIONAL LEGISLATURE IS A BROKEN MACHINE,Machine,Legislative branch
NONVISUAL PERCEPTUAL SPACE IS PHYSICAL SPACE,Space,Perception
NOT EXPERIENCING A STATE IS NOT POSSESSING AN OBJECT,,
NOT PAYING TAXES IS AVOIDING OBSTACLES,Avoiding obstacles,Taxation
NOW IS HERE,Being at a location,Time
ONGOING CAUSATION IS NOURISHING,Food,Causation
OPPORTUNITIES ARE LOCATIONS,Location,Opportunities
OPPORTUNITIES ARE OBJECTS,Object,Opportunities
OPPORTUNITIES ARE PATHS,Physical path,Opportunities
OPPORTUNITIES ARE PORTALS,Portals,Opportunities
OPTIMISM IS LIGHTNESS,Lightness,Optimism
ORGANIZATION IS A MACHINE,Machine,Organization
ORGANIZATION IS PHYSICAL STRUCTURE,Physical structure,Organization
OVER-CONSUMPTION OF RESOURCES IS OVEREATING,Overeating,Resource consumption
PASSION IS FIRE,Fire,Passion
PASSION IS HEAT,Heat,Passion
PAST IS BEHIND,Back,Time
PEACEFUL IS MOTIONLESS,Motionless,Peacefulness
PEOPLE ARE ANIMALS,Animal,Person
PEOPLE ARE PLANTS,Plants,Person
PERSISTING IS REMAINING ERECT,Persistence,Erectness
PERSONAL PREFERENCE IS TASTE,Taste,Evaluation
PESSIMISM IS DARKNESS,Darkness,Pessimism
PHASE OF AN ELECTION IS LEG IN A RACE,Race,Election
PHYSICAL STRENGTH IS VERTICALITY,Verticality,Physical strength
PLEASURE IS A GOOD TASTE,Taste,Pleasure
PLEASURE IS A MOVING FLUID,Fluid motion,Pleasure
PLEASURE IS A PURSUED THING,Pursue,Pleasure
PLEASURE IS FIRE,Fire,Pleasure
PLEASURE IS FULLNESS,Fullness,Pleasure
PLEASURE IS GENUINE,Genuine,Pleasure
PLEASURE IS HIDDEN,Visual obstruction,Pleasure
PLEASURE IS LIGHT,Lightness,Pleasure
PLEASURE IS POWER,Force,Pleasure
PLEASURE IS PURITY,Purity,Pleasure
PLEASURE IS SECRET,Secret,Pleasure
PLEASURE IS UNCONTAINABLE,Containing,Pleasure
PLEASURE IS WARMTH,Warmth,Pleasure
PLURALITY OF ENTITIES WITH COMMON PROPERTIES IS A GROUP,Group,Plurality
POLICE ARE ARMS,Body,Police
POLITICAL AGREEMENT IS BEING IN THE SAME ARMY,TBC,TBC
POLITICAL AGREEMENT IS BEING ON THE SAME SIDE OF A BOUNDARY,TBC,TBC
POLITICAL AGREEMENT IS EXERTING FORCE IN THE SAME DIRECTION,TBD,TBD
POLITICAL IDEOLOGIES ARE LIVING ENTITIES,Biological entity,Ideology
POLITICAL OPPOSITION IS BEING IN OPPOSING ARMIES,TBC,TBC
POLITICAL OPPOSITION IS BEING ON OPPOSITE SIDES OF A BOUNDARY,TBC,TBC
POLITICAL OPPOSITION IS EXERTING OPPOSING FORCES,TBD,TBD
POLITICAL PARTIES ARE CONTAINERS,Containment,Political party
POLITICAL PARTIES ARE PEOPLE,Person,Political party
POLITICAL PARTIES ARE SPORTS TEAMS,TBD,TBD
POLITICAL REGION IS A VEHICLE,Vehicle,Political region
POLITICAL UNREST IS A WILDFIRE,TBC,TBC
POLITICIANS ARE STAGE ACTORS,TBC,TBC
POSITIVELY EVALUATED GOVERNMENT ACTIVITY IS CLEAN OBJECT,TBD,TBD
POSITIVITY IS VERTICALITY,Verticality,Positivity scale
POVERTY IS A CRIME,Crime,Poverty
POVERTY IS A DISEASE,Disease,Poverty
POVERTY IS A FIERCE CREATURE,Fierce animal,Poverty
POVERTY IS A MOTION IMPEDIMENT,Motion impediments,Poverty
POVERTY IS A PLANT,Plants,Poverty
POVERTY IS A WEED,Weed,Poverty
POVERTY IS PHYSICAL HARM,Physical harm,Poverty
POWER IS A POSSESSED OBJECT,Possession,Power
POWER IS CENTRALITY,Center periphery,Power
PREPARING IDEAS TO BE UNDERSTOOD IS FOOD PREPARATION,Food preparation,Cognizing
PRESIDENT IS QUARTERBACK,TBD,TBD
PREVENTED CHANGE OF STATE IS PREVENTED CHANGE OF LOCATION,Source path goal,Change of state
PREVENTING ACHIEVEMENT OF GUN RIGHTS IS RESTRAINING MOTION TO A DESTINATION,Motion to a destination,Gun rights
PREVENTING ECONOMIC HARDSHIP IS SHIELDING FROM PHYSICAL HARM,Protect against contact,Economic difficulty
PREVENTING ENACTMENT OF LEGISLATION IS BLOCKING MOTION,Motion impediments,Legislation enactment
PREVENTING UTILIZATION OF EDUCATIONAL RESOURCES IS CLOSING A PORTAL,Closing a portal,Educational opportunities
PREVENTION OF BECOMING IMPOVERISHED IS IMPEDING DOWNWARD MOTION,Impeding downward motion,Impoverished
PROGRESS IS FORWARD MOTION ALONG A PATH,Motion along a path,Action
PROGRESSING THROUGH LIFE IS MOVING ALONG A PATH,Motion along a path,Life
PROGRESSING THROUGH LIFE IS MOVING THROUGH A TERRAIN,Forward motion,Life
PROVIDE EDUCATIONAL OPPORTUNITY IS PROVIDING A RESOURCE,Resource,Educational opportunities
PROVIDING A BENEFIT IS PROVIDING A RESOURCE,Resource,Benefit
PROVING IS SHOWING,Cause to see,Reasoning
PSYCHOLOGICAL CONFLICT IS PHYSICAL CONFLICT,Physical attributes,Psychological attributes
PSYCHOLOGICAL HARM IS PHYSICAL INJURY,Physical harm,Psychological harm
PUBLIC EVALUABILITY OF GOVERNMENT IS TRANSPARENCY,TBD,TBD
PURIFYING IS CLEANSING,Cleanliness,Purity
PURITY IS CLEANLINESS,Cleanliness,Purity
PURPOSE IN LIFE IS DESTINATION IN A JOURNEY,,
PURPOSEFUL ACTION IS SELF-PROPELLED MOTION TO A DESTINATION,Self propelled motion to a destination,Purposeful action
PURPOSEFUL THINKING IS GOAL-DIRECTED MOTION,Self propelled motion to a destination,Thinking about
QUALITIES ARE SUBSTANCES,Substance,Quality
QUANTITY IS SIZE,Size,Quantity
QUANTITY IS VERTICALITY,Verticality,Quantity
RECEIVING AN EDUCATIONAL OPPORTUNITY IS RECEIVING A RESOURCE,Resource transfer,Educational opportunities
REDUCTION IN FINANCIAL RESOURCES IS PHYSICAL HARM,Harm to living entity,Financial resource
REENACTING A GUN LAW IS BRINGING AN ENTITY BACK TO LIFE,Restore to life,Gun control legislation
REFINING A LAW IS TRIMMING A PLANT,Tending to plants,Law
REGULATION IS A DISEASE,Disease,Regulation
REGULATIONS ARE POSSIBLE PATHS OF MOTION,TBD,TBD
RELATEDNESS IS PROXIMITY,Proximity,Abstract relatedness
RELATIONSHIP IS A BOUNDED REGION IN SPACE,Bounded region,Relationship
RELATIONSHIPS ARE ATTACHMENTS,Attach,Relationship
RELATIONSHIPS ARE COMPLEX STRUCTURES,Complex physical object,Relationship
RELATIONSHIPS ARE CONTAINERS,Containing,Relationship
RELATIONSHIPS ARE OBJECTS,Object,Relationship
RELATIONSHIPS ARE PHYSICAL CONNECTIONS,Physical connection,Relationship
RELATIONSHIPS ARE PHYSICAL STRUCTURES,Physical structure,Relationship
REMEMBERING IS RETRIEVAL,,
RESOURCE IS A LIQUID,Liquid,Resource
RESPONSIBILITY IS A BURDEN,Burden,Responsibility
RESULT OF OVER-CONSUMPTION OF RESOURCES IS RESULT OF OVEREATING,,
REVOLUTION IS TOPPLING A PHYSICAL OBJECT,Toppling physical object,Revolution
RIGHTS ARE PHYSICAL ENTITIES,Physical entity,Rights
RIGHTS ARE POSSESSIONS,Possessable object,Rights
RIGHTS ARE SHIELDS FROM HARM,Protecting,Rights
RIGHTS ARE TERRITORIES,Territory,Rights
ROMANTIC RELATIONSHIP ENCOUNTERING DIFFICULTIES IS A BOAT ON THE ROCKS,Boat on the rocks,Romantic relationship
ROMANTIC RELATIONSHIP ENCOUNTERING DIFFICULTIES IS A VEHICLE ENCOUNTERING OBSTACLES,Journey,Romantic relationship
ROMANTIC RELATIONSHIP IS A JOURNEY,Journey,Romantic relationship
ROMANTIC RELATIONSHIPS ARE VEHICLES,Vehicle,Romantic relationship
SAD IS DARK,Darkness,Sadness
SAD IS DOWN,Verticality,Sadness
SADNESS IS A BURDEN,Sadness,Burden
SCALAR CHANGE IS MOTION ALONG A PATH,,
SCALES ARE PATHS,Source path goal,Scale
SECESSION IS SPLITTING OFF FROM WHOLE,TBD,TBD
SEEING IS TOUCHING,Touching,Seeing
SEEKING KNOWLEDGE IS SEARCHING,Searching,Knowing
SELECTION IS ADOPTION,Adoption,Selection
SELF-INITIATED STATE CHANGE IS SELF-PROPELLED MOTION,Self propelled motion to a destination,Self-initiated state change
SENSING IS SMELLING,Smell,Perception
SEQUENCES OF EVENTS ARE FLUIDS,Fluid motion,Event
SICKNESS IS DOWN,Verticality,Health
SIMILARITY IS ALIGNMENT,Alignment,Similarity
SIMILARITY IS PROXIMITY,Proximal distal,Similarity
SIMPLE IDEAS ARE WORDS,Word,Idea
SOCIAL FUNCTIONING IS PHYSICAL HEALTH,Person,Society
SOCIAL GROUP IS A BOUNDED REGION,Bounded region,Social group
SOCIAL GROUP IS A FABRIC,Textile,Social group
SOCIAL GROUP IS A FAMILY,Family,Social group
SOCIAL GROUPS ARE BUILDINGS,Building,Social group
SOCIAL GROUPS ARE COMPLEX STRUCTURES,Complex physical object,Social group
SOCIAL GROUPS ARE CONTAINERS,Containment,Social group
SOCIAL ORGANIZATIONS ARE PLANTS,Plants,Organization
SOCIAL PROBLEMS ARE ANIMATE ENTITIES,Animate entity,Social problems
SOCIAL PROBLEMS ARE DISEASES,Disease,Social problems
SOCIAL PROBLEMS ARE PHYSICAL AFFLICTIONS,Physical affliction,Social problems
SOCIAL RELATIONS ARE PHYSICAL CONNECTIONS,Physical connection,Social group
SOCIETY IS A COMPLEX STRUCTURE,Complex physical object,Society
SOCIETY IS A PERSON,Person,Society
SOLVING A PROBLEM IS FIXING A BROKEN OBJECT,Fixing,Solving a problem
SPEECH ACTS ARE FORCES,Forced motion,Speech act
SPEED OF ACTION IS SPEED OF MOVEMENT,,
STARTING AN ACTION IS STARTING A FIRE,Fire,Process start
STATE OF NATION IS LOCATION ALONG PATH,Bounded region,Nation
STATES ARE LOCATIONS,Trajector landmark,State
STATES ARE PHYSICAL OBJECTS,Physical entity,State
STATUS IS VERTICALITY,Verticality,Status
STRUCTURE OF AN IDEA IS STRUCTURE OF AN OBJECT,,
SUBJUGATION IS DOWN,Verticality,Control
SUBORDINATE NATIONS ARE HUMAN DEPENDENTS,Human dependents,Nation
SUBSTANTIAL IDEAS ARE MEAT,,
SUCCESSFULLY ADDRESSING SOCIAL PROBLEMS IS WINNING A WAR,,
SUFFERING IS A BURDEN,Burden,Experience pain
SURVIVING CANCER IS HARMING CANCER,Attacking,Cancer
SURVIVING CANCER IS WINNING A COMPETITION,Competition,Cancer
SUSPENSION OF ACTION IS THE STOPPING OF MOTION,,
SYMPATHY IS WARMTH,Warmth,Sympathy
TAXATION IS A BURDEN,Burden,Taxation
TAXATION IS A FORCE,Force,Taxation
TAXATION IS CAUSING HARM,Physical harm,Taxation
TAXATION IS FORCEFUL REMOVAL OF A SUBSTANCE,Release liquid,Taxation
TAXATION IS IMPEDIMENTS TO MOTION,Motion impediments,Taxation
TAXATION IS INVESTMENT,Investment,Taxation
TAXATION IS PUNISHMENT,Punishment,Taxation
TAXATION IS RESOURCE TRANSFER,Resource transfer,Taxation
TAXATION IS SLAVERY,Servitude,Taxation
TAXATION IS THEFT,Theft,Taxation
TAXES ARE DISEASES,Disease,Taxation
TAXES ARE DUES,Group membership,Taxation
TERMINATION OF CONTROL IS LOSS OF A POSSESSION,Lose possession,Control
TERMINATION OF POWER IS CAUSED MOTION DOWNWARDS,TBD,TBD
TESTING THE NATURE OF IDEAS IS SMELLING OR TASTING,,
THEORIES ARE BUILDINGS,Building,Theory
THEORIES ARE COMPLEX STRUCTURES,Complex physical object,Theory
THINKING IS LINGUISTIC ACTIVITY,Linguistic activity,Cognizing
THINKING IS MOVING,Motion,Thinking about
THINKING IS OBJECT MANIPULATION,Object manipulation,Thinking about
THINKING IS PERCEIVING,Perception,Thinking about
THINKING IS SPEAKING,Speaking,Cognizing
TIME IS A COMMODITY,Commodity,Time
TIME IS A LANDSCAPE THROUGH WHICH THE OBSERVER MOVES,Motion along a path,Time
TIME IS A MOVING OBJECT,Moving object,Time
TIME IS A RESOURCE,Resource,Time
TIME IS A SUBSTANCE,Substance,Time
TIME IS AN ENTITY,Physical entity,Time
TIME IS MONEY,Money,Time
TIME PERIODS ARE CONTAINERS,Containment,Time
TRANSITIONAL STATE TO UTILIZING EDUCATIONAL OPPORTUNITIES IS PORTAL TO ACCESSING A LOCATION,Portals,Educational opportunities
TREATIES ARE INTERPERSONAL CONTRACTS,Contracts,Treaties
TRUST IN GOVERNMENT IS A BUILDING,Building,Government legitimacy
TRUST RELATIONSHIPS ARE BUILDINGS,Building,Trust relationship
UNCONSCIOUS IS DOWN,Verticality,Consciousness
UNCONTROLLED CRIME IS A RAMPAGING ANIMAL,Animal,Crime
UNDERSTANDING IS DIGESTING,Digestion,Understanding
UNDERSTANDING IS FOLLOWING,Guided motion,Understanding
UNDERSTANDING IS GRASPING,Object manipulation,Understanding
UNINTERESTING IDEAS ARE FLAVORLESS FOOD,,
VIOLENCE IS A FLUID,Fluid motion,Violence
VIRTUAL MOTION IS ACTUAL MOTION,Motion along a path,Virtual motion
VISUAL FIELD IS A CONTAINER,Containment,Visual field
VOTING IS SPEAKING,Speaking,Voting
WEALTH DISTRIBUTION IS MOTION OF WATER,Fluid motion,Wealth distribution
WEALTH IS A RESOURCE,Resource,Wealth
WEALTH IS A SUBSTANCE,Substance,Wealth
WEALTH IS LINEAR SPATIAL SCALE,Scale,Wealth
WEALTH IS PROTECTION AGAINST HARM,Protect against contact,Wealth
WEALTH REDISTRIBUTION IS RESOURCE TRANSFER,Resource transfer,Wealth redistribution
WEALTHY PEOPLE ARE PARASITES,Parasite,Wealthy people
WELL-BEING IS UP,,
WELL-BEING IS VERTICALITY,Verticality,Well-being
WELL-BEING IS WEALTH,Wealth,Well-being
WELL-FUNCTIONING BUREAUCRACY IS A SMOOTHLY FUNCTIONING MACHINE,Machine,Bureaucracy
WHOLES ARE CONTAINERS,Containing,Part_whole
WHOLES ARE POSSESSORS,Possession,Part_whole
WINNING AN ELECTION IS WINNING A BOXING MATCH,Physical competition,Election
WINNING AN ELECTION IS WINNING A RACE,Race,Election
WINNING AN ELECTION IS WINNING A WAR,War,Election
WORDS ARE CONTAINERS,Containing,Word
WORSENING MOOD IS DOWNWARD MOTION,Downward motion,Emotion
